<?xml version="1.0" encoding="UTF-8"?>
<project-private xmlns="http://www.netbeans.org/ns/project-private/1">
    <editor-bookmarks xmlns="http://www.netbeans.org/ns/editor-bookmarks/2" lastBookmarkId="0"/>
    <open-files xmlns="http://www.netbeans.org/ns/projectui-open-files/2">
        <group>
            <file>file:/C:/Users/SSDD/Desktop/GestionVehiculosCRUD/GestionVehiculosCRUD/src/controldor/ControladorVehiculos.java</file>
            <file>file:/C:/Users/SSDD/Desktop/GestionVehiculosCRUD/GestionVehiculosCRUD/src/modelo/VehiculoDAO.java</file>
            <file>file:/C:/Users/SSDD/Desktop/GestionVehiculosCRUD/GestionVehiculosCRUD/src/modelo/Vehiculo.java</file>
            <file>file:/C:/Users/SSDD/Desktop/GestionVehiculosCRUD/GestionVehiculosCRUD/src/vista/VistaVehiculos.java</file>
            <file>file:/C:/Users/SSDD/Desktop/GestionVehiculosCRUD/GestionVehiculosCRUD/src/gestionvehiculoscrud/GestionVehiculosCRUD.java</file>
            <file>file:/C:/Users/SSDD/Desktop/GestionVehiculosCRUD/GestionVehiculosCRUD/src/modelo/Conexion.java</file>
        </group>
    </open-files>
</project-private>
